{
  "parent": "block/block",
  "textures": {
    "particle": "#side"
  },
  "elements": [
    {
      "from": [0, 0, 0],
      "to": [16, 15, 16],
      "faces": {
        "down": {"uv": [0, 0, 16, 16], "texture": "#bottom", "cullface": "down"},
        "up": {"uv": [0, 0, 16, 16], "texture": "#top"},
        "north": {"uv": [0, 1, 16, 16], "texture": "#side", "cullface": "north"},
        "south": {"uv": [0, 1, 16, 16], "texture": "#side", "cullface": "south"},
        "west": {"uv": [0, 1, 16, 16], "texture": "#side", "cullface": "west"},
        "east": {"uv": [0, 1, 16, 16], "texture": "#side", "cullface": "east"}
      }
    }
  ]
}
