{
  "variants": {
    "bites=0,facing=east": {
      "model": "farmersdelight:block/sweet_berry_cheesecake",
      "y": 90
    },
    "bites=0,facing=north": {
      "model": "farmersdelight:block/sweet_berry_cheesecake"
    },
    "bites=0,facing=south": {
      "model": "farmersdelight:block/sweet_berry_cheesecake",
      "y": 180
    },
    "bites=0,facing=west": {
      "model": "farmersdelight:block/sweet_berry_cheesecake",
      "y": 270
    },
    "bites=1,facing=east": {
      "model": "farmersdelight:block/sweet_berry_cheesecake_slice1",
      "y": 90
    },
    "bites=1,facing=north": {
      "model": "farmersdelight:block/sweet_berry_cheesecake_slice1"
    },
    "bites=1,facing=south": {
      "model": "farmersdelight:block/sweet_berry_cheesecake_slice1",
      "y": 180
    },
    "bites=1,facing=west": {
      "model": "farmersdelight:block/sweet_berry_cheesecake_slice1",
      "y": 270
    },
    "bites=2,facing=east": {
      "model": "farmersdelight:block/sweet_berry_cheesecake_slice2",
      "y": 90
    },
    "bites=2,facing=north": {
      "model": "farmersdelight:block/sweet_berry_cheesecake_slice2"
    },
    "bites=2,facing=south": {
      "model": "farmersdelight:block/sweet_berry_cheesecake_slice2",
      "y": 180
    },
    "bites=2,facing=west": {
      "model": "farmersdelight:block/sweet_berry_cheesecake_slice2",
      "y": 270
    },
    "bites=3,facing=east": {
      "model": "farmersdelight:block/sweet_berry_cheesecake_slice3",
      "y": 90
    },
    "bites=3,facing=north": {
      "model": "farmersdelight:block/sweet_berry_cheesecake_slice3"
    },
    "bites=3,facing=south": {
      "model": "farmersdelight:block/sweet_berry_cheesecake_slice3",
      "y": 180
    },
    "bites=3,facing=west": {
      "model": "farmersdelight:block/sweet_berry_cheesecake_slice3",
      "y": 270
    }
  }
}