{
  "parent": "builtin/entity",
  "display": {
    "thirdperson_righthand": {
      "rotation": [70, 0, 0],
      "translation": [0, 13, 1.5],
      "scale": [0.85, 0.85, 0.85]
    },
    "thirdperson_lefthand": {
      "rotation": [70, 0, 0],
      "translation": [0, 13, 1.5],
      "scale": [0.85, 0.85, 0.85]
    },
    "firstperson_righthand": {
      "translation": [0, 5, -7],
      "scale": [0.9, 0.9, 0.9]
    },
    "firstperson_lefthand": {
      "translation": [0, 5, -7],
      "scale": [0.9, 0.9, 0.9]
    },
    "ground": {
      "scale": [0.25, 0.25, 0.25]
    },
    "gui": {
      "rotation": [31, -38, 0],
      "translation": [1, 3.75, 0],
      "scale": [0.6, 0.6, 0.6]
    },
    "head": {
      "rotation": [-180, 90, 0],
      "scale": [1.1, 1.1, 1.1]
    },
    "fixed": {
      "rotation": [-90, 0, 0],
      "translation": [0, 0, -6.25],
      "scale": [0.75, 0.75, 0.75]
    }
  }
}